game,id,cardCode,name,displayName,image,rarity,cardType,set,subtypes,priceUsd,tcgPlayerUrl,stock,tcgplayerProductId,tcgplayerGroupId,tcgplayerCategoryId,modifiedOn
one-piece,one-piece-op15-eb04,OP15-EB04,Adventure on Kami's Island Booster Pack,Adventure on Kami's Island Booster Pack - Adventure on Kami's Island,https://product-images.tcgplayer.com/fit-in/437x437/682056.jpg,None,Card,OP15-EB04,,6.73,https://www.tcgplayer.com/product/682056/adventure-on-kamis-island-booster-pack,0,682056,24637,68,2026-04-03T00:00:00Z
one-piece,one-piece-op05-087,OP05-087,Hakuba,Hakuba (OP05-087) - Awakening of the New Era,https://product-images.tcgplayer.com/fit-in/437x437/528650.jpg,Common,Character,OP05,Beautiful Pirates|Dressrosa|Black,0.24,https://www.tcgplayer.com/product/528650/hakuba,0,528650,23213,68,2023-12-08T00:00:00Z
one-piece,one-piece-op15-eb04,OP15-EB04,DON!! Card (Luffy),DON!! Card (Luffy) - Adventure on Kami's Island,https://product-images.tcgplayer.com/fit-in/437x437/686650.jpg,DON!!,DON!!,OP15-EB04,,0.29,https://www.tcgplayer.com/product/686650/don-card-luffy,0,686650,24637,68,2026-04-03T00:00:00Z
one-piece,one-piece-eb04-058,EB04-058,Borsalino,Borsalino (EB04-058) - Adventure on Kami's Island,https://product-images.tcgplayer.com/fit-in/437x437/685329.jpg,Super Rare,Character,OP15-EB04,Navy|Egghead|Yellow,18.9316,https://www.tcgplayer.com/product/685329/borsalino,0,685329,24637,68,2026-04-03T00:00:00Z
one-piece,one-piece-op15-113,OP15-113,Roronoa Zoro (OP15-113),Roronoa Zoro (OP15-113) (OP15-113) - Adventure on Kami's Island,https://product-images.tcgplayer.com/fit-in/437x437/685469.jpg,Super Rare,Character,OP15-EB04,Straw Hat Crew|Sky Island|Yellow,4.93,https://www.tcgplayer.com/product/685469/roronoa-zoro-op15-113,0,685469,24637,68,2026-04-03T00:00:00Z
one-piece,one-piece-eb04-007,EB04-007,Roronoa Zoro (EB04-007),Roronoa Zoro (EB04-007) (EB04-007) - Adventure on Kami's Island,https://product-images.tcgplayer.com/fit-in/437x437/685303.jpg,Super Rare,Character,OP15-EB04,Straw Hat Crew|Egghead|Red,16.57,https://www.tcgplayer.com/product/685303/roronoa-zoro-eb04-007,0,685303,24637,68,2026-04-03T00:00:00Z
one-piece,one-piece-op15-092,OP15-092,Monkey.D.Luffy (OP15-092),Monkey.D.Luffy (OP15-092) (OP15-092) - Adventure on Kami's Island,https://product-images.tcgplayer.com/fit-in/437x437/685445.jpg,Rare,Character,OP15-EB04,Straw Hat Crew|Black,1.86,https://www.tcgplayer.com/product/685445/monkeydluffy-op15-092,0,685445,24637,68,2026-04-03T00:00:00Z
one-piece,one-piece-op15-053,OP15-053,Rebecca (OP15-053),Rebecca (OP15-053) (OP15-053) - Adventure on Kami's Island,https://product-images.tcgplayer.com/fit-in/437x437/685399.jpg,Super Rare,Character,OP15-EB04,Dressrosa|Blue,3.38,https://www.tcgplayer.com/product/685399/rebecca-op15-053,0,685399,24637,68,2026-04-03T00:00:00Z
one-piece,one-piece-op15-086,OP15-086,Nami (OP15-086),Nami (OP15-086) (OP15-086) - Adventure on Kami's Island,https://product-images.tcgplayer.com/fit-in/437x437/685438.jpg,Super Rare,Character,OP15-EB04,Straw Hat Crew|Black,2.13,https://www.tcgplayer.com/product/685438/nami-op15-086,0,685438,24637,68,2026-04-03T00:00:00Z
one-piece,one-piece-op15-078,OP15-078,Mamaragan,Mamaragan (OP15-078) - Adventure on Kami's Island,https://product-images.tcgplayer.com/fit-in/437x437/685429.jpg,Super Rare,Event,OP15-EB04,Sky Island|Purple,4.6196,https://www.tcgplayer.com/product/685429/mamaragan,0,685429,24637,68,2026-04-03T00:00:00Z
one-piece,one-piece-op15-032,OP15-032,Brook (OP15-032),Brook (OP15-032) (OP15-032) - Adventure on Kami's Island,https://product-images.tcgplayer.com/fit-in/437x437/685374.jpg,Super Rare,Character,OP15-EB04,Straw Hat Crew|Green,1.46,https://www.tcgplayer.com/product/685374/brook-op15-032,0,685374,24637,68,2026-04-03T00:00:00Z
one-piece,one-piece-op13-108,OP13-108,Jewelry Bonney (108),Jewelry Bonney (108) (OP13-108) - Carrying On His Will,https://product-images.tcgplayer.com/fit-in/437x437/657386.jpg,Super Rare,Character,OP13,Bonney Pirates|Egghead|Yellow,6.71,https://www.tcgplayer.com/product/657386/jewelry-bonney-108,0,657386,24303,68,2025-11-07T00:00:00Z
one-piece,one-piece-eb01-028,EB01-028,Gum-Gum Champion Rifle,Gum-Gum Champion Rifle (EB01-028) - Extra Booster: Memorial Collection,https://product-images.tcgplayer.com/fit-in/437x437/544559.jpg,Rare,Event,EB-01,Straw Hat Crew|Impel Down|Blue,7.07,https://www.tcgplayer.com/product/544559/gum-gum-champion-rifle,0,544559,23333,68,2024-05-03T00:00:00Z
one-piece,one-piece-op13-040,OP13-040,I Know You're Strong... So I'll Go All Out from the Very Start!!!,I Know You're Strong... So I'll Go All Out from the Very Start!!! (OP13-040) - Carrying On His Will,https://product-images.tcgplayer.com/fit-in/437x437/657298.jpg,Rare,Event,OP13,Straw Hat Crew|Supernovas|Green,1.39,https://www.tcgplayer.com/product/657298/i-know-youre-strong-so-ill-go-all-out-from-the-very-start,0,657298,24303,68,2025-11-07T00:00:00Z
one-piece,one-piece-op15-046,OP15-046,Sabo,Sabo (OP15-046) - Adventure on Kami's Island,https://product-images.tcgplayer.com/fit-in/437x437/685390.jpg,Super Rare,Character,OP15-EB04,Revolutionary Army|Dressrosa|Blue,1.22,https://www.tcgplayer.com/product/685390/sabo,0,685390,24637,68,2026-04-03T00:00:00Z
one-piece,one-piece-op14-096,OP14-096,Ground Death,Ground Death (OP14-096) - The Azure Sea's Seven,https://product-images.tcgplayer.com/fit-in/437x437/671427.jpg,Rare,Event,OP14,Baroque Works|The Seven Warlords of the Sea|Black,4.45,https://www.tcgplayer.com/product/671427/ground-death,0,671427,24537,68,2026-01-16T00:00:00Z
one-piece,one-piece-op15-040,OP15-040,Viola,Viola (OP15-040) - Adventure on Kami's Island,https://product-images.tcgplayer.com/fit-in/437x437/685384.jpg,Rare,Character,OP15-EB04,Donquixote Pirates|Dressrosa|Blue,1.07,https://www.tcgplayer.com/product/685384/viola,0,685384,24637,68,2026-04-03T00:00:00Z
one-piece,one-piece-op15-047,OP15-047,Sanji (OP15-047),Sanji (OP15-047) (OP15-047) - Adventure on Kami's Island,https://product-images.tcgplayer.com/fit-in/437x437/685392.jpg,Rare,Character,OP15-EB04,Straw Hat Crew|Dressrosa|Blue,0.86,https://www.tcgplayer.com/product/685392/sanji-op15-047,0,685392,24637,68,2026-04-03T00:00:00Z
one-piece,one-piece-op08-036,OP08-036,Electrical Luna,Electrical Luna (OP08-036) - Two Legends,https://product-images.tcgplayer.com/fit-in/437x437/558063.jpg,Rare,Event,OP08,Minks|Green,7.47,https://www.tcgplayer.com/product/558063/electrical-luna,0,558063,23462,68,2024-09-13T00:00:00Z
one-piece,one-piece-op15-114,OP15-114,Wyper,Wyper (OP15-114) - Adventure on Kami's Island,https://product-images.tcgplayer.com/fit-in/437x437/685471.jpg,Super Rare,Character,OP15-EB04,Sky Island|Shandian Warrior|Yellow,1.246,https://www.tcgplayer.com/product/685471/wyper,0,685471,24637,68,2026-04-03T00:00:00Z
one-piece,one-piece-op13-031,OP13-031,Trafalgar Law,Trafalgar Law (OP13-031) - Carrying On His Will,https://product-images.tcgplayer.com/fit-in/437x437/657289.jpg,Rare,Character,OP13,FILM|Heart Pirates|Supernovas|Green,0.73,https://www.tcgplayer.com/product/657289/trafalgar-law,0,657289,24303,68,2025-11-07T00:00:00Z
one-piece,one-piece-op11-106,OP11-106,Zeus,Zeus (OP11-106) - A Fist of Divine Speed,https://product-images.tcgplayer.com/fit-in/437x437/632483.jpg,Rare,Character,OP11,Big Mom Pirates|Homies|Yellow,1.93,https://www.tcgplayer.com/product/632483/zeus,0,632483,24241,68,2025-06-06T00:00:00Z
one-piece,one-piece-op13-042,OP13-042,Edward.Newgate,Edward.Newgate (OP13-042) - Carrying On His Will,https://product-images.tcgplayer.com/fit-in/437x437/657300.jpg,Super Rare,Character,OP13,The Four Emperors|Whitebeard Pirates|Blue,5.06,https://www.tcgplayer.com/product/657300/edwardnewgate,0,657300,24303,68,2025-11-07T00:00:00Z
one-piece,one-piece-op13-076,OP13-076,Divine Departure,Divine Departure (OP13-076) - Carrying On His Will,https://product-images.tcgplayer.com/fit-in/437x437/657340.jpg,Rare,Event,OP13,Roger Pirates|King of the Pirates|Purple,1.7696,https://www.tcgplayer.com/product/657340/divine-departure,0,657340,24303,68,2025-11-07T00:00:00Z
one-piece,one-piece-op14-111,OP14-111,Perona - OP14-111,Perona - OP14-111 (OP14-111) - The Azure Sea's Seven,https://product-images.tcgplayer.com/fit-in/437x437/671441.jpg,Rare,Character,OP14,Thriller Bark Pirates|Yellow,0.42,https://www.tcgplayer.com/product/671441/perona-op14-111,0,671441,24537,68,2026-01-16T00:00:00Z
one-piece,one-piece-op10-060,OP10-060,Barrier-Barrier Pistol,Barrier-Barrier Pistol (OP10-060) - Royal Blood,https://product-images.tcgplayer.com/fit-in/437x437/617103.jpg,Common,Event,OP10,Dressrosa|Barto Club|Blue,0.51,https://www.tcgplayer.com/product/617103/barrier-barrier-pistol,0,617103,23766,68,2025-03-21T00:00:00Z
one-piece,one-piece-op13-007,OP13-007,Ace & Sabo & Luffy,Ace & Sabo & Luffy (OP13-007) - Carrying On His Will,https://product-images.tcgplayer.com/fit-in/437x437/657260.jpg,Super Rare,Character,OP13,Goa Kingdom|Red,3.64,https://www.tcgplayer.com/product/657260/ace-and-sabo-and-luffy,0,657260,24303,68,2025-11-07T00:00:00Z
one-piece,one-piece-op15-035,OP15-035,Laboon,Laboon (OP15-035) - Adventure on Kami's Island,https://product-images.tcgplayer.com/fit-in/437x437/685378.jpg,Uncommon,Character,OP15-EB04,Animal|Green,0.23,https://www.tcgplayer.com/product/685378/laboon,0,685378,24637,68,2026-04-03T00:00:00Z
one-piece,one-piece-op10-045,OP10-045,Cavendish (045),Cavendish (045) (OP10-045) - Royal Blood,https://product-images.tcgplayer.com/fit-in/437x437/617085.jpg,Rare,Character,OP10,Beautiful Pirates|Dressrosa|Blue,4.86,https://www.tcgplayer.com/product/617085/cavendish-045,0,617085,23766,68,2025-03-21T00:00:00Z
one-piece,one-piece-op15-077,OP15-077,Lightning Dragon,Lightning Dragon (OP15-077) - Adventure on Kami's Island,https://product-images.tcgplayer.com/fit-in/437x437/685427.jpg,Rare,Event,OP15-EB04,Sky Island|Purple,0.24,https://www.tcgplayer.com/product/685427/lightning-dragon,0,685427,24637,68,2026-04-03T00:00:00Z
one-piece,one-piece-op05-077,OP05-077,Gamma Knife,Gamma Knife (OP05-077) - Awakening of the New Era,https://product-images.tcgplayer.com/fit-in/437x437/528637.jpg,Common,Event,OP05,Heart Pirates|Purple,0.21,https://www.tcgplayer.com/product/528637/gamma-knife,0,528637,23213,68,2023-12-08T00:00:00Z
one-piece,one-piece-op12-071,OP12-071,Charlotte Pudding,Charlotte Pudding (OP12-071) - Legacy of the Master,https://product-images.tcgplayer.com/fit-in/437x437/643811.jpg,Rare,Character,OP12,Big Mom Pirates|Purple,1.972,https://www.tcgplayer.com/product/643811/charlotte-pudding,0,643811,24302,68,2025-08-22T00:00:00Z
one-piece,one-piece-p-029,P-029,Bartolomeo,Bartolomeo (P-029) - Starter Deck 16: GREEN Uta,https://product-images.tcgplayer.com/fit-in/437x437/580991.jpg,Promo,Character,ST-16,FILM|Supernovas|Barto Club|Green,0.26,https://www.tcgplayer.com/product/580991/bartolomeo,0,580991,23491,68,2024-10-25T00:00:00Z
one-piece,one-piece-op13-016,OP13-016,Monkey.D.Garp,Monkey.D.Garp (OP13-016) - Carrying On His Will,https://product-images.tcgplayer.com/fit-in/437x437/657270.jpg,Rare,Character,OP13,Navy|Red,0.36,https://www.tcgplayer.com/product/657270/monkeydgarp,0,657270,24303,68,2025-11-07T00:00:00Z
one-piece,one-piece-op15-020,OP15-020,Fire Fist,Fire Fist (OP15-020) - Adventure on Kami's Island,https://product-images.tcgplayer.com/fit-in/437x437/685360.jpg,Rare,Event,OP15-EB04,Revolutionary Army|Dressrosa|Red,0.61,https://www.tcgplayer.com/product/685360/fire-fist,0,685360,24637,68,2026-04-03T00:00:00Z
one-piece,one-piece-op15-085,OP15-085,Tony Tony.Chopper (OP15-085),Tony Tony.Chopper (OP15-085) (OP15-085) - Adventure on Kami's Island,https://product-images.tcgplayer.com/fit-in/437x437/685437.jpg,Rare,Character,OP15-EB04,Animal|Straw Hat Crew|Black,0.78,https://www.tcgplayer.com/product/685437/tony-tonychopper-op15-085,0,685437,24637,68,2026-04-03T00:00:00Z
one-piece,one-piece-op13-114,OP13-114,S-Snake,S-Snake (OP13-114) - Carrying On His Will,https://product-images.tcgplayer.com/fit-in/437x437/657395.jpg,Rare,Character,OP13,Egghead|Seraphim|Yellow,0.18,https://www.tcgplayer.com/product/657395/s-snake,0,657395,24303,68,2025-11-07T00:00:00Z
one-piece,one-piece-op15-008,OP15-008,Krieg (OP15-008),Krieg (OP15-008) (OP15-008) - Adventure on Kami's Island,https://product-images.tcgplayer.com/fit-in/437x437/685347.jpg,Super Rare,Character,OP15-EB04,Krieg Pirates|East Blue|Red,0.79,https://www.tcgplayer.com/product/685347/krieg-op15-008,0,685347,24637,68,2026-04-03T00:00:00Z
one-piece,one-piece-op12-063,OP12-063,Vinsmoke Reiju,Vinsmoke Reiju (OP12-063) - Legacy of the Master,https://product-images.tcgplayer.com/fit-in/437x437/643801.jpg,Super Rare,Character,OP12,The Vinsmoke Family|GERMA 66|Purple,4.4428,https://www.tcgplayer.com/product/643801/vinsmoke-reiju,0,643801,24302,68,2025-08-22T00:00:00Z
one-piece,one-piece-op15-023,OP15-023,Arlong,Arlong (OP15-023) - Adventure on Kami's Island,https://product-images.tcgplayer.com/fit-in/437x437/685364.jpg,Rare,Character,OP15-EB04,Fish-Man|Arlong Pirates|East Blue|Green,0.26,https://www.tcgplayer.com/product/685364/arlong,0,685364,24637,68,2026-04-03T00:00:00Z
one-piece,one-piece-op15-067,OP15-067,Shura,Shura (OP15-067) - Adventure on Kami's Island,https://product-images.tcgplayer.com/fit-in/437x437/685417.jpg,Rare,Character,OP15-EB04,Sky Island|Vassals|Purple,0.39,https://www.tcgplayer.com/product/685417/shura,0,685417,24637,68,2026-04-03T00:00:00Z
one-piece,one-piece-op14-112,OP14-112,Boa Hancock - OP14-112,Boa Hancock - OP14-112 (OP14-112) - The Azure Sea's Seven,https://product-images.tcgplayer.com/fit-in/437x437/668342.jpg,Super Rare,Character,OP14,Kuja Pirates|The Seven Warlords of the Sea|Yellow,7.29,https://www.tcgplayer.com/product/668342/boa-hancock-op14-112,0,668342,24537,68,2026-01-16T00:00:00Z
one-piece,one-piece-op14-104,OP14-104,Gecko Moria - OP14-104,Gecko Moria - OP14-104 (OP14-104) - The Azure Sea's Seven,https://product-images.tcgplayer.com/fit-in/437x437/666574.jpg,Super Rare,Character,OP14,The Seven Warlords of the Sea|Thriller Bark Pirates|Yellow,7.42,https://www.tcgplayer.com/product/666574/gecko-moria-op14-104,0,666574,24537,68,2026-01-16T00:00:00Z
one-piece,one-piece-op15-118,OP15-118,Enel (OP15-118),Enel (OP15-118) (OP15-118) - Adventure on Kami's Island,https://product-images.tcgplayer.com/fit-in/437x437/685477.jpg,Secret Rare,Character,OP15-EB04,Sky Island|Purple,21.78,https://www.tcgplayer.com/product/685477/enel-op15-118,0,685477,24637,68,2026-04-03T00:00:00Z
one-piece,one-piece-op14,OP14,The Azure Sea's Seven Booster Pack,The Azure Sea's Seven Booster Pack - The Azure Sea's Seven,https://product-images.tcgplayer.com/fit-in/437x437/666577.jpg,None,Card,OP14,,6.69,https://www.tcgplayer.com/product/666577/the-azure-seas-seven-booster-pack,0,666577,24537,68,2026-01-16T00:00:00Z
one-piece,one-piece-op15-052,OP15-052,Leo,Leo (OP15-052) - Adventure on Kami's Island,https://product-images.tcgplayer.com/fit-in/437x437/685398.jpg,Uncommon,Character,OP15-EB04,Dressrosa|The Tontattas|Blue,0.18,https://www.tcgplayer.com/product/685398/leo,0,685398,24637,68,2026-04-03T00:00:00Z
one-piece,one-piece-eb04-027,EB04-027,Boa Hancock - EB04-027,Boa Hancock - EB04-027 (EB04-027) - The Azure Sea's Seven,https://product-images.tcgplayer.com/fit-in/437x437/668528.jpg,Rare,Character,OP14,Kuja Pirates|The Seven Warlords of the Sea|Blue,0.24,https://www.tcgplayer.com/product/668528/boa-hancock-eb04-027,0,668528,24537,68,2026-01-16T00:00:00Z
one-piece,one-piece-op15-060,OP15-060,Enel (OP15-060),Enel (OP15-060) (OP15-060) - Adventure on Kami's Island,https://product-images.tcgplayer.com/fit-in/437x437/685408.jpg,Super Rare,Character,OP15-EB04,Sky Island|Purple,0.61,https://www.tcgplayer.com/product/685408/enel-op15-060,0,685408,24637,68,2026-04-03T00:00:00Z
one-piece,one-piece-op-pr,OP-PR,Monkey.D.Luffy (Sealed Battle 2024 Vol. 2),Monkey.D.Luffy (Sealed Battle 2024 Vol. 2) - One Piece Promotion Cards,https://product-images.tcgplayer.com/fit-in/437x437/552137.jpg,Leader,Leader,OP-PR,Straw Hat Crew|Blue|Green|Purple|Red|Black|Yellow,1.31,https://www.tcgplayer.com/product/552137/monkeydluffy-sealed-battle-2024-vol-2,0,552137,17675,68,2022-09-30T00:00:00Z
one-piece,one-piece-op05-019,OP05-019,Fire Fist,Fire Fist (OP05-019) - Awakening of the New Era,https://product-images.tcgplayer.com/fit-in/437x437/528551.jpg,Rare,Event,OP05,Revolutionary Army|Red,1.08,https://www.tcgplayer.com/product/528551/fire-fist,0,528551,23213,68,2023-12-08T00:00:00Z
